dir,min_score_improvement,penalty,confirm,cagr,sharpe,max_drawdown,turnover,calendar,threshold,category_change
sweep_materiality_confirm2_m000,0.0,0.0,2,0.1078848774127925,1.1623231986478697,-0.0494444177843772,1.5,1,0,1
sweep_materiality_confirm2_m005,0.05,0.0,2,0.1078848774127925,1.1623231986478697,-0.0494444177843772,1.5,1,0,1
sweep_materiality_confirm2_m010,0.1,0.0,2,0.1078848774127925,1.1623231986478697,-0.0494444177843772,1.5,1,0,1
sweep_materiality_confirm2_m020,0.2,0.0,2,0.1078848774127925,1.1623231986478697,-0.0494444177843772,1.5,1,0,1
sweep_materiality_confirm2_m030,0.3,0.0,2,0.1078848774127925,1.1623231986478697,-0.0494444177843772,1.5,1,0,1
sweep_materiality_confirm2_m050,0.5,0.0,2,0.0842132624372837,0.9132543024545052,-0.0494444177843772,1.5,1,0,1
sweep_materiality_confirm2_m075,0.75,0.0,2,0.0448529587367987,0.5048305906801083,-0.0508959773380442,0.5,1,0,0
sweep_materiality_confirm2_m100,1.0,0.0,2,0.0448529587367987,0.5048305906801083,-0.0508959773380442,0.5,1,0,0
sweep_materiality_confirm2_m110,1.1,0.0,2,0.0448529587367987,0.5048305906801083,-0.0508959773380442,0.5,1,0,0
